MatterId,VendorRequestId,Status
a0LNw000008Shn8MAC,bdb596d4-25bf-ef11-88d0-6045bd324da8,0
a0LNw000008oQHIMA2,d489192b-7eda-ef11-88f8-6045bd354b56,0
a0LNw000007FMFVMA4,d535ffc2-1492-4fd8-b179-14b23d8cbcdb,0
a0LNw000007FtD3MAK,ce9225d8-dd90-4314-b756-1d217af681ef,0
a0LNw000008oYhsMAE,c8e6f928-94dd-ef11-88f8-6045bd354b56,0
a0LNw000008myQKMAY,43d8ff1c-94dd-ef11-88f8-6045bd354b56,0
a0LNw000007gJgXMAU,957ff84b-9b1b-460d-8b68-fdc7285db9ba,3
a0LNw000007CQx8MAG,3f94d471-158d-4996-aceb-3ce68d4e5bb4,3
a0L4W00000nXmOyUAK,bd811b35-0808-4182-9e9f-f9b04fb0b834,0
a0L4W00000nXzfQUAS,0e44c605-3197-4d90-9597-a365c311767f,0
a0LNw000007AlKzMAK,29e6a822-345b-441b-82d2-1cdb416b896d,0
a0LNw000008WSm9MAG,6793a5b6-25bf-ef11-88d0-6045bd324da8,0
a0LNw000007fedNMAQ,5d84e2db-c21f-4e1c-95ec-d6036fe09747,0
a0LNw000007wVx3MAE,9bee3d34-4947-4b2e-980c-023d115fba0b,0
a0L4W00000nYmbGUAS,70e3a6af-9112-443d-8caf-627202e181aa,0
a0LNw000008KVuHMAW,acf42bdc-28b7-ef11-88cf-000d3aa52552,1
a0LNw000008CZ5UMAW,b490f41e-7eda-ef11-88f8-6045bd354b56,0
a0L4W00000mO30aUAC,bd4d2deb-88de-48a3-bd3f-28bb7bec206d,0
a0LNw000007sA6VMAU,2eb57ee0-2821-4dbd-a616-27ce26a77786,0
a0LNw000008S8VtMAK,9fb596d4-25bf-ef11-88d0-6045bd324da8,0
a0LNw000007ayBJMAY,03be9990-3197-4d19-932f-17f20c1f24f7,0
a0LNw000008IidvMAC,1886f966-28b7-ef11-88cf-000d3aa52552,0
a0LNw000008LKYbMAO,c185c192-28b7-ef11-88cf-000d3aa52552,0
a0LNw000007z6u5MAA,e693cab7-9ba6-44d3-812e-d83e53f1e11a,0
a0LNw000008UwefMAC,c7d59dbc-25bf-ef11-88d0-6045bd324da8,0
a0LNw000007q393MAA,2b78307c-712b-4f40-9571-29cb23d05cf2,0
a0LNw00000824EDMAY,eda82ad4-f768-46a1-a716-cb95b6ebb624,0
a0LNw000008sNXhMAM,dae6f928-94dd-ef11-88f8-6045bd354b56,1
a0LNw0000087sofMAA,ae979806-0f89-4b86-9634-d143c713df5d,0
a0LNw000008VTXQMA4,e24d9ac8-25bf-ef11-88d0-6045bd324da8,0
a0LNw000007DoKoMAK,48427bf4-c519-4741-a160-34293e4c4b94,0
a0LNw000007NVIPMA4,e0fc4870-5140-4ff6-8fac-ec38678d1f6e,3
a0LNw000008UR4gMAG,033f9dc2-25bf-ef11-88d0-6045bd324da8,0
a0LNw0000087RrhMAE,2d762e71-45a0-4b8b-a17d-95e59663b3fc,0
a0LNw000008njh1MAA,e7d8ff1c-94dd-ef11-88f8-6045bd354b56,0
a0L4W00000nYCL4UAO,7d190c03-5346-4126-a7e7-67cf0d655da6,0
a0LNw000008UghyMAC,38d69dbc-25bf-ef11-88d0-6045bd324da8,0
a0LNw000008OXavMAG,503e9dc2-25bf-ef11-88d0-6045bd324da8,1
a0LNw0000080rkTMAQ,0f21375d-362a-46db-8184-9277cdb25339,0
a0LNw000008sMS0MAM,4bd9ff1c-94dd-ef11-88f8-6045bd354b56,0
a0LNw000008whBFMAY,2283fa22-94dd-ef11-88f8-6045bd354b56,0
a0LNw0000081oB3MAI,a36d88bb-fc13-403d-9930-940a1760e838,0
a0LNw000008q1zVMAQ,3f062c31-7eda-ef11-88f8-6045bd354b56,0
a0LNw000008lgvIMAQ,b7beef16-94dd-ef11-88f8-6045bd354b56,0
a0LNw000007s8MqMAI,a138cc61-e853-42b5-8cff-573427975a52,0
a0LNw000008NgWeMAK,d060251b-9cb8-ef11-88cf-000d3aa52552,1
a0LNw0000074wcTMAQ,c3245d0c-4c49-4395-9536-fdd2919ce216,3
a0LNw0000008PSfMAM,14388273-3503-40d2-a91f-63061ef79c33,0
a0LNw000008Vs4LMAS,8f92a5b6-25bf-ef11-88d0-6045bd324da8,1
a0LNw000007BCeXMAW,a4a4e64b-046c-41f6-b18d-c87dc4cdbc88,0
a0LNw000007n9FqMAI,ea96adc0-f638-4d46-b7df-84bf2a1c94c6,0
a0LNw000007vvITMAY,4f0a6876-d635-4e44-98f1-a5a28ceb3690,0
a0LNw0000082xHAMAY,4f87d024-39e0-48b8-a385-cd17466a33ff,0
a0LNw000007qWm9MAE,2c9abb07-b71a-4e74-808e-80075685e206,0
a0L4W00000n88q8UAA,5dce11ff-ce9d-4ac2-999b-95367b79aa44,0
a0LNw000008nYNJMA2,a989f718-7eda-ef11-88f8-6045bd354b56,1
a0LNw000008vfuoMAA,5384fa22-94dd-ef11-88f8-6045bd354b56,0
a0LNw000008pUx7MAE,3983fa22-94dd-ef11-88f8-6045bd354b56,0
a0LNw000007FJEVMA4,bf4394b0-582f-4800-ab52-fe9c2ee63e39,0
a0LNw000008ELZRMA4,9f062c31-7eda-ef11-88f8-6045bd354b56,0
a0L4W00000nY6OLUA0,0e6f2dff-d1c7-4f13-8de5-896eff473659,0
a0LNw000008w2WHMAY,3f1f1a25-7eda-ef11-88f8-6045bd354b56,0
a0LNw000007WGnBMAW,86c4db2b-0d49-4776-a449-589ba2dc27b5,0
a0LNw000007O0CXMA0,d1c3e8b8-e0c3-415f-914f-210435f88736,0
a0LNw000007TaCCMA0,92b94c1a-e2ac-4454-9280-9974c60ad42a,0
a0LNw000007kuuPMAQ,4abc7d56-2940-47a8-8253-2b24133a3c19,0
a0LNw0000087j3pMAA,b78f7c09-46b5-4269-85e6-b6a6b3ce8e48,0
a0LNw000007tWL5MAM,e08e8b92-92bf-4cb1-b073-a2575b5c09eb,0
a0L4W00000nYmdvUAC,5c2912fe-41a3-4227-9667-6d9e8061896c,0
a0LNw000008KPYjMAO,10237cea-9bb8-ef11-88cf-000d3aa52552,1
a0LNw000007k9U5MAI,6c043c81-cf1a-487d-aa21-a217ac59a296,0
a0LNw000007ftnhMAA,b5dd0fe6-c62c-4937-89f6-2b1c132f50e4,0
a0LNw000008EYzhMAG,f13b3212-7eda-ef11-88f8-6045bd354b56,0
a0LNw000008MvnpMAC,a360251b-9cb8-ef11-88cf-000d3aa52552,1
a0LNw000007RG3AMAW,8392ce82-4d99-4cf4-aab6-44976e2ea6ab,0
a0LNw000008RdwjMAC,aa8892ce-25bf-ef11-88d0-6045bd324da8,0
a0LNw0000081mUGMAY,1495f742-a83f-40d9-9b9c-97c4d32cbc57,0
a0LNw000008JCVVMA4,054f80cb-7eda-ef11-88f8-6045bd354b56,0
a0LNw000007K6oPMAS,a360c9ce-f9a4-4bc2-91af-2be5de728407,0
a0LNw000007XqztMAC,4a401557-7c22-4db5-81bc-1837eca56e48,3
a0LNw0000087bRFMAY,7350a447-761c-4943-a445-104fb899427b,4
a0LNw000008J5YrMAK,04bb2474-28b7-ef11-88cf-000d3aa52552,0
a0LNw000007XbBFMA0,26370a77-a450-4346-bcfa-46bc0ccd07b6,0
a0L4W00000nXv81UAC,39b17c70-bc99-4b4a-9236-6e4b49abcd71,0
a0LNw000008Dg04MAC,eb411b09-9cb8-ef11-88cf-000d3aa52552,1
a0LNw000008mi6zMAA,b990f41e-7eda-ef11-88f8-6045bd354b56,0
a0LNw000008PaZxMAK,f78792ce-25bf-ef11-88d0-6045bd324da8,1
a0LNw000007d0k5MAA,e8dd1639-2721-4447-875a-03287ff76dc5,0
a0LNw000007PsPTMA0,5310da9c-7a11-4859-8a25-dc208c1e799d,0
a0LNw000008H7LRMA0,61ef9e86-28b7-ef11-88cf-000d3aa52552,0
a0LNw000008oztMMAQ,aa83fa22-94dd-ef11-88f8-6045bd354b56,0
a0L4W00000nXq4vUAC,70a6dc3c-a47d-414f-a947-13a811f48570,0
a0LNw000007fyaTMAQ,2d4835f7-4565-41f2-9fb6-4f77e53ef060,0
a0LNw000007rY2mMAE,9898557c-4a36-4ed5-9064-7aa5b1ea5dbc,0
a0LNw000008LrnwMAC,fa9a26e2-28b7-ef11-88cf-000d3aa52552,0
a0LNw000007AE8yMAG,2bdb7eea-0da9-447f-83ab-5a979aca47aa,0
a0LNw000007nh4bMAA,1a05a289-4048-4f9e-b435-d2d04a6406ed,0
a0L4W00000nYmV3UAK,77c455ff-98f0-47e4-bea7-2105f9316943,0
a0LNw000007Pb3ZMAS,2568aa63-36f4-4182-ab13-85a021703b91,0
a0LNw000007FIdJMAW,11c6797c-272e-420a-a3e8-26f8cd135eeb,0
